method,seed,selected,killed,mutation_score,status_KILLED,status_NO_COVERAGE,status_SURVIVED,status_NON_VIABLE,status_TIMED_OUT
GPT,,1104,801,0.7255434782608695,801,165,115,12,11
RANDOM,123,1104,747,0.6766304347826086,747,203,135,9,10
RANDOM,2026,1104,726,0.657608695652174,726,208,146,14,10
RANDOM,42,1104,742,0.6721014492753623,742,209,129,10,14
