strategy,selected,killed,mutation_score
GPT4o-mini,1119,801,0.7158176943699732
Random fixed-seed,1119,750,0.6702412868632708
