project,n_group,mean_ms_gpt,mean_ms_random,mean_diff
Codec,13,0.8751002908434461,0.8290291846354427,0.046071106208003365
Csv,10,0.7604545454545455,0.6821212121212121,0.07833333333333337
JacksonCore,14,0.717353350528195,0.6592944958654662,0.058058854662728865
